City,Cloudiness,Country,Date,Humidity,Lat,Lng,Max Temp,Wind Speed
Itarema,97,BR,1650735390,96,-2.9248,-39.9167,74.5,8.12
Mācherla,81,IN,1650736171,54,16.4833,79.4333,85.51,15.17
Esperance,70,AU,1650736006,88,-33.8667,121.9,57.04,11.03
Ushuaia,75,AR,1650735835,66,-54.8,-68.3,46.06,9.22
Punta Arenas,100,CL,1650735636,87,-53.15,-70.9167,46.42,9.22
Peniche,4,PT,1650736094,81,39.3558,-9.3811,60.3,12.06
Tuktoyaktuk,0,CA,1650736025,67,69.4541,-133.0374,17.6,12.66
Nikolskoye,100,RU,1650736002,76,59.7035,30.7861,44.87,10.11
Bredasdorp,79,ZA,1650735995,66,-34.5322,20.0403,58.89,8.08
Yulara,87,AU,1650736118,42,-25.2406,130.9889,64.24,8.05
Torbay,100,CA,1650736066,82,47.6666,-52.7314,41.29,14.97
Thompson,75,CA,1650735505,39,55.7435,-97.8558,42.96,9.22
Rikitea,100,PF,1650735981,74,-23.1203,-134.9692,75.18,4.99
Yar-Sale,61,RU,1650736131,100,66.8333,70.8333,-5.78,5.26
Dikson,98,RU,1650735985,100,73.5069,80.5464,-5.4,7.07
Kindu,100,CD,1650736173,98,-2.95,25.95,72.5,2.64
Butaritari,53,KI,1650735977,75,3.0707,172.7902,81.64,15.7
Moundou,92,TD,1650736174,34,8.5667,16.0833,92.05,2.93
Hobart,92,AU,1650735942,87,-42.8794,147.3294,48.06,6.91
Puerto Ayora,34,EC,1650736175,79,-0.7393,-90.3518,76.96,9.53
Ranfurly,99,NZ,1650736175,76,-45.1333,170.1,49.77,6.38
Biltine,69,TD,1650736175,9,14.5333,20.9167,96.26,9.31
Cape Town,0,ZA,1650735806,64,-33.9258,18.4232,59.41,18.41
Puerto del Rosario,40,ES,1650735652,43,28.5004,-13.8627,73.15,13.8
Hermanus,43,ZA,1650735752,64,-34.4187,19.2345,59.81,9.01
Onega,99,RU,1650736176,90,63.9061,38.1404,30.11,6.42
Nikkō,100,JP,1650736177,86,36.75,139.6167,54.28,3.24
Port-Gentil,40,GA,1650736094,89,-0.7193,8.7815,80.56,6.91
Saldanha,0,ZA,1650736031,71,-33.0117,17.9442,57.25,23.62
Nago,98,JP,1650735947,95,26.5881,127.9761,77.45,10.27
Los Llanos de Aridane,75,ES,1650736063,79,28.6585,-17.9182,62.35,4.61
Bluff,100,NZ,1650735638,78,-46.6,168.3333,51.8,20.83
Klaksvík,100,FO,1650735875,81,62.2266,-6.589,47.32,19.89
George Town,20,MY,1650736011,87,5.4112,100.3354,84.13,5.01
Faanui,99,PF,1650736047,74,-16.4833,-151.75,80.44,6.64
Saskylakh,83,RU,1650735579,100,71.9167,114.0833,-12.87,2.71
Yellowknife,0,CA,1650735919,63,62.456,-114.3525,19.92,6.91
Vaini,75,TO,1650736019,100,-21.2,-175.2,66.36,0.0
Ust-Maya,46,RU,1650736180,96,60.4167,134.5333,17.4,1.9
Brae,94,GB,1650735789,85,60.3964,-1.353,46.83,15.61
Hithadhoo,82,MV,1650736033,71,-0.6,73.0833,85.28,10.51
Aswān,0,EG,1650736181,5,24.0934,32.907,92.5,11.5
Saint-Augustin,100,CA,1650736181,96,51.226,-58.6502,36.43,3.85
Lebu,35,CL,1650735580,73,-37.6167,-73.65,58.06,7.38
Atbasar,31,KZ,1650736182,39,51.8,68.3333,37.71,16.2
Novovasylivka,100,UA,1650736182,62,46.8315,35.7536,54.23,19.04
Alofi,28,NU,1650735841,94,-19.0595,-169.9187,71.49,1.14
Mossamedes,71,AO,1650736107,79,-15.1961,12.1522,71.65,12.28
Atuona,19,PF,1650735776,75,-9.8,-139.0333,79.12,14.41
Poum,77,NC,1650735898,74,-20.2333,164.0167,76.1,9.62
Kruisfontein,94,ZA,1650735879,89,-34.0033,24.7314,59.88,1.41
Griffith,0,US,1650736155,61,41.5284,-87.4237,78.73,19.57
Tiksi,100,RU,1650735918,100,71.6872,128.8694,0.46,2.57
Busselton,17,AU,1650735635,70,-33.65,115.3333,58.96,11.88
La Libertad,20,EC,1650736184,73,-2.2333,-80.9,78.46,8.05
Esim,93,GH,1650735527,80,4.8699,-2.2405,82.49,8.88
Arraial do Cabo,0,BR,1650736076,38,-22.9661,-42.0278,93.16,12.66
São João da Barra,3,BR,1650735917,62,-21.6403,-41.0511,93.29,9.08
Souillac,75,MU,1650735817,78,-20.5167,57.5167,75.58,17.27
La Sarre,100,CA,1650736185,45,48.8002,-79.1996,42.01,8.61
Kuzino,52,RU,1650736186,84,57.0224,59.4412,31.19,5.19
Upernavik,100,GL,1650735973,85,72.7868,-56.1549,12.79,11.1
Muros,89,ES,1650735460,72,42.7762,-9.0603,58.68,10.69
Albany,56,US,1650735867,32,42.6001,-73.9662,58.64,1.99
Singuilucan,2,MX,1650736187,26,19.9667,-98.5167,69.49,8.97
Bilma,3,NE,1650736063,11,18.6853,12.9164,97.56,9.53
Bodinayakkanur,90,IN,1650736187,86,10.0167,77.35,77.13,3.33
Barinas,100,VE,1650736188,78,8.6226,-70.2075,77.86,2.44
Port Hardy,100,CA,1650736188,81,50.6996,-127.4199,46.58,10.36
Nuuk,75,GL,1650735949,93,64.1835,-51.7216,36.21,6.91
Sioux Lookout,100,CA,1650736189,93,50.1001,-91.917,35.67,10.36
Nānākuli,75,US,1650736190,80,21.3906,-158.1547,76.6,4.61
Port Alfred,100,ZA,1650736089,96,-33.5906,26.891,60.19,1.01
Provideniya,15,RU,1650736190,68,64.3833,-173.3,25.14,3.22
Machiques,99,VE,1650736191,74,10.0644,-72.545,81.41,3.36
New Norfolk,83,AU,1650735762,79,-42.7826,147.0587,49.5,2.89
Simav,30,TR,1650736191,43,39.0882,28.9777,60.21,3.69
Mar del Plata,0,AR,1650736012,49,-38.0023,-57.5575,74.95,28.77
Hasaki,100,JP,1650736077,74,35.7333,140.8333,63.0,14.72
Yaan,32,NG,1650736192,44,7.3833,8.5667,91.42,9.89
Severo-Yeniseyskiy,100,RU,1650736193,97,60.3725,93.0408,19.63,3.91
Mamakan,88,RU,1650736193,88,57.8161,114.0028,22.59,2.82
Hamilton,0,US,1650736027,45,39.1834,-84.5333,83.5,16.11
Abu Dhabi,0,AE,1650736194,79,24.4667,54.3667,82.51,3.44
Chokurdakh,100,RU,1650735982,100,70.6333,147.9167,-9.15,2.35
Gigmoto,21,PH,1650736195,86,13.7796,124.39,79.12,3.65
Ancud,90,CL,1650736097,78,-41.8697,-73.8203,50.23,21.05
Chui,0,UY,1650735648,35,-33.6971,-53.4616,68.14,9.95
Mataura,100,NZ,1650735976,97,-46.1927,168.8643,51.48,8.61
Ribeira Grande,40,PT,1650736018,59,38.5167,-28.7,61.2,18.41
Pisco,75,PE,1650735827,88,-13.7,-76.2167,67.01,9.22
Kapaa,20,US,1650735759,87,22.0752,-159.319,76.48,13.8
Bethel,100,US,1650736052,40,41.3712,-73.414,65.17,6.91
Yeniseysk,98,RU,1650736197,94,58.4497,92.1703,21.72,3.85
Mahébourg,75,MU,1650736014,78,-20.4081,57.7,75.49,17.27
Codrington,1,AU,1650735986,92,-38.2667,141.9667,48.16,6.76
Bengkulu,100,ID,1650736198,92,-3.8004,102.2655,76.08,9.1
Grand Gaube,47,MU,1650736198,73,-20.0064,57.6608,75.6,5.01
Athabasca,40,CA,1650736199,49,54.7169,-113.2854,50.41,4.7
Vila Franca do Campo,98,PT,1650736199,89,37.7167,-25.4333,57.61,10.07
Galle,72,LK,1650736159,83,6.0367,80.217,80.64,4.0
Severo-Kuril'sk,100,RU,1650735786,98,50.6789,156.125,35.35,10.98
Olafsvik,45,IS,1650736101,85,64.8945,-23.7142,46.18,4.36
Oeiras,80,BR,1650735976,51,-7.0253,-42.1311,89.01,1.05
Ilulissat,75,GL,1650736200,93,69.2167,-51.1,26.62,9.22
Avarua,75,CK,1650735842,94,-21.2078,-159.775,73.45,4.61
Fortuna,100,US,1650736054,95,40.5982,-124.1573,53.85,0.0
Mount Gambier,0,AU,1650735688,93,-37.8333,140.7667,46.31,5.75
Guerrero Negro,0,MX,1650736138,53,27.9769,-114.0611,64.47,20.65
Tailai,11,CN,1650736202,54,46.3833,123.4,41.5,7.09
Saint Paul Harbor,100,US,1650735745,81,57.79,-152.4072,42.31,13.8
Xingcheng,57,CN,1650736203,62,40.6167,120.7167,53.85,0.85
Isla Mujeres,9,MX,1650736203,73,21.2311,-86.731,84.16,12.41
High Level,0,CA,1650735924,49,58.5169,-117.136,42.91,5.75
Saint Anthony,75,US,1650736204,74,45.0205,-93.218,70.3,27.63
Norman Wells,0,CA,1650735998,54,65.282,-126.8329,28.44,11.5
Acaraú,98,BR,1650736204,93,-2.8856,-40.12,75.22,9.01
Grindavik,75,IS,1650735698,71,63.8424,-22.4338,46.87,2.3
Coolum Beach,94,AU,1650736205,91,-26.5333,153.1,68.11,13.49
Dunedin,100,NZ,1650736157,81,-45.8742,170.5036,52.81,11.01
Kahului,40,US,1650735536,76,20.8947,-156.47,75.85,10.0
Iqaluit,20,CA,1650736206,72,63.7506,-68.5145,10.13,3.44
Pekan,10,MY,1650736206,85,3.4836,103.3996,77.11,3.56
Nemuro,1,JP,1650736064,77,43.3236,145.575,38.62,9.04
Longyearbyen,75,SJ,1650735842,79,78.2186,15.6401,21.04,8.05
Henties Bay,18,NA,1650736043,87,-22.116,14.2845,60.1,13.18
Dingle,52,PH,1650736150,87,10.9995,122.6711,76.82,6.11
Batagay-Alyta,100,RU,1650736153,97,67.8006,130.4114,2.5,4.43
Kawambwa,90,ZM,1650736207,88,-9.7915,29.0791,65.88,3.83
Bainbridge Island,54,US,1650735926,77,47.6262,-122.5212,56.79,4.63
Kaitong,82,CN,1650736208,43,44.8135,123.15,47.97,7.23
Barrow,100,US,1650736011,86,71.2906,-156.7887,15.82,4.61
Muroto-misakicho,100,JP,1650736209,90,33.2833,134.15,62.37,3.58
Qaqortoq,100,GL,1650736209,99,60.7167,-46.0333,35.62,4.63
Mitsamiouli,100,KM,1650736210,74,-11.3847,43.2844,81.12,11.79
Havre-St-Pierre,100,CA,1650736129,48,50.2334,-63.5986,37.4,13.8
Suzhou,38,CN,1650736210,96,31.3114,120.6181,60.08,4.59
Oleksandrivka,98,UA,1650736211,70,48.9634,32.2349,52.54,15.41
Rawson,33,AR,1650735648,27,-43.3002,-65.1023,63.52,41.38
Trofors,51,NO,1650736212,97,65.5333,13.4063,38.01,2.98
Tual,67,ID,1650736212,69,-5.6667,132.75,83.7,5.37
Naze,100,JP,1650736213,92,28.3667,129.4833,72.52,12.62
Portland,75,US,1650735889,77,45.5234,-122.6762,57.61,5.75
Calabozo,65,VE,1650736214,34,8.9242,-67.4293,94.19,3.8
Clyde River,0,CA,1650736037,71,70.4692,-68.5914,-0.17,0.0
Sayyan,88,YE,1650736215,26,15.1718,44.3244,65.82,11.88
Kalmunai,85,LK,1650735645,80,7.4167,81.8167,80.35,5.53
Castro,100,BR,1650735878,86,-24.7911,-50.0119,65.64,9.64
Geraldton,36,AU,1650736050,40,-28.7667,114.6,70.21,20.71
Churapcha,100,RU,1650736216,92,62.0025,132.4325,21.92,2.93
Port Elizabeth,75,ZA,1650735759,96,-33.918,25.5701,62.1,3.44
Bubaque,58,GW,1650736217,77,11.2833,-15.8333,77.34,19.24
Gawler,38,AU,1650736217,70,-34.6,138.7333,68.16,13.2
Praia da Vitória,40,PT,1650736147,63,38.7333,-27.0667,61.05,15.1
Hirara,73,JP,1650736041,93,24.8,125.2833,76.89,15.12
Sitka,100,US,1650735633,57,57.0531,-135.33,48.09,17.27
Dhidhdhoo,99,MV,1650735546,72,6.8833,73.1,84.47,5.35
Cabo San Lucas,2,MX,1650736073,66,22.8909,-109.9124,81.61,1.99
Asău,69,RO,1650736049,98,46.4333,26.4,53.96,4.03
Tengelic,83,HU,1650736219,84,46.5288,18.7112,52.3,8.41
Pitimbu,83,BR,1650736219,73,-7.4706,-34.8086,84.79,12.39
Sikonge,100,TZ,1650736220,92,-5.6333,32.7667,66.56,4.03
Lorengau,90,PG,1650736112,82,-2.0226,147.2712,80.44,7.76
Hualmay,42,PE,1650736220,74,-11.0964,-77.6139,72.46,10.18
Ostrovnoy,83,RU,1650736147,98,68.0531,39.5131,33.21,8.61
Cairns,75,AU,1650735684,88,-16.9167,145.7667,75.15,10.36
Severnyy,0,RU,1650736222,44,50.677,36.5532,59.04,6.71
Broome,100,US,1650736108,35,42.2506,-75.833,62.19,4.61
Carnarvon,0,AU,1650735987,88,-24.8667,113.6333,69.87,5.75
Airai,21,TL,1650736044,70,-8.9266,125.4092,58.93,2.15
Weligama,71,LK,1650736223,84,5.9667,80.4167,79.79,4.25
Lingao,10,CN,1650736161,89,19.9103,109.6859,76.59,4.83
Bhilwara,1,IN,1650736224,11,25.35,74.6333,84.45,8.21
Monrovia,77,LR,1650736224,77,6.3005,-10.7969,85.77,10.63
Thinadhoo,58,MV,1650735780,73,0.5333,72.9333,85.03,11.56
Dongsheng,98,CN,1650736225,21,39.8161,109.9776,58.73,16.28
Venado,2,MX,1650736015,33,22.9333,-101.0833,78.21,3.02
Udachny,99,RU,1650735979,98,66.4167,112.4,4.44,3.74
Bileća,38,BA,1650736226,88,42.8719,18.4297,55.29,1.86
Voinka,100,UA,1650736226,54,45.8699,33.9914,53.8,12.57
Nanortalik,100,GL,1650735851,98,60.1432,-45.2371,35.33,3.98
Pangnirtung,0,CA,1650735628,67,66.1451,-65.7125,10.4,3.44
Bathsheba,40,BB,1650736068,54,13.2167,-59.5167,86.61,18.41
Kysyl-Syr,100,RU,1650736013,98,63.8986,122.7617,8.42,2.62
Bonthe,46,SL,1650735672,70,7.5264,-12.505,83.95,13.51
Awjilah,0,LY,1650735562,30,29.1081,21.2869,77.18,22.59
Bandiagara,43,ML,1650736228,8,14.3501,-3.6104,99.01,13.13
Tanabe,100,JP,1650736228,96,33.7333,135.3667,60.37,2.95
Talnakh,99,RU,1650736085,100,69.4865,88.3972,-3.28,4.7
Nikitinskiy,23,RU,1650736229,57,54.5845,86.0115,27.34,8.48
Qaanaaq,76,GL,1650736046,80,77.484,-69.3632,4.98,5.99
Korla,75,CN,1650736230,20,41.7597,86.1469,69.48,2.62
Lander,100,US,1650736141,90,42.833,-108.7307,39.97,3.44
Hilo,40,US,1650736230,85,19.7297,-155.09,84.27,5.75
San Rafael,19,AR,1650735736,21,-34.6177,-68.3301,78.53,12.93
Bloomfield,100,US,1650736231,35,40.8068,-74.1854,63.45,9.22
Rudnichnyy,92,RU,1650736231,94,59.617,52.4703,34.81,4.09
Necochea,63,AR,1650736232,50,-38.5473,-58.7368,69.76,19.62
Havøysund,100,NO,1650736232,96,70.9963,24.6622,41.23,23.58
Lüderitz,0,NA,1650735977,75,-26.6481,15.1594,58.82,26.28
Denizli Province,61,TR,1650736233,35,37.8402,29.0698,68.63,4.56
Znamenskoye,52,RU,1650736233,81,57.1281,73.8282,24.17,6.38
Lagoa,67,PT,1650736136,61,39.05,-27.9833,57.18,24.58
Petropavlovsk-Kamchatskiy,100,RU,1650736234,100,53.0452,158.6483,30.79,0.0
Port Augusta,13,AU,1650735947,67,-32.5,137.7667,64.22,4.45
Kita,39,ML,1650736235,9,13.0349,-9.4895,103.48,8.08
Taksimo,100,RU,1650736235,77,56.3444,114.8794,21.51,3.24
Kavieng,61,PG,1650736235,75,-2.5744,150.7967,82.04,12.77
Tocache,68,PE,1650736236,59,-8.1842,-76.5125,87.62,1.83
Davila,5,PH,1650736236,80,18.4726,120.5763,80.64,3.15
Cidreira,33,BR,1650736237,55,-30.1811,-50.2056,67.5,14.29
Rafai,82,CF,1650736237,67,4.95,23.9167,75.88,2.77
Chirongui,100,YT,1650736238,76,-12.9319,45.1483,84.13,9.48
Port Shepstone,97,ZA,1650736013,86,-30.7414,30.455,67.95,7.29
Wadena,100,US,1650736238,88,46.4425,-95.1361,62.64,23.02
Choya,100,RU,1650736239,85,52.0108,86.5467,31.71,3.0
Torbat-e Jām,70,IR,1650736239,54,35.244,60.6225,66.87,5.3
Punta Gorda,40,US,1650735973,54,26.9298,-82.0454,87.06,14.97
Saint-Leu,88,RE,1650736240,74,-21.15,55.2833,74.32,1.61
Hofn,1,IS,1650736240,83,64.2539,-15.2082,44.92,6.2
Bambous Virieux,75,MU,1650735797,78,-20.3428,57.7575,75.45,17.27
Kwang Binh,38,VN,1650736241,86,17.4833,106.6,77.31,5.99
Katsuura,100,JP,1650736029,81,35.1333,140.3,65.71,9.35
Cherskiy,98,RU,1650736241,97,68.75,161.3,11.37,2.35
Jieshi,2,CN,1650736242,87,22.8134,115.8257,78.94,6.91
Hong Kong,9,HK,1650736205,89,22.2855,114.1577,78.96,4.0
Uvalde,100,US,1650736242,40,29.3669,-99.767,81.14,17.27
Alaşehir,94,TR,1650736243,46,38.3508,28.5172,66.2,4.76
Tasiilaq,81,GL,1650736101,92,65.6145,-37.6368,42.96,4.0
Orichi,74,RU,1650736244,86,58.4036,49.0572,39.63,5.7
Province of Mantua,95,IT,1650736244,85,45.1667,10.7833,60.1,13.0
Kiryat Gat,18,IL,1650735702,100,31.61,34.7642,74.39,2.77
Uddevalla,48,SE,1650736245,49,58.3478,11.9424,53.08,5.99
Berlevåg,100,NO,1650735631,92,70.8578,29.0864,37.2,18.84
Camacha,40,PT,1650736245,55,33.0833,-16.3333,62.02,9.22
Singarāyakonda,100,IN,1650736086,86,15.25,80.0333,81.64,12.84
Palana,99,RU,1650736061,87,59.1167,159.9667,18.03,6.33
Faya,35,SA,1650736246,50,18.3851,42.4509,64.51,4.83
Coquimbo,75,CL,1650736123,88,-29.9533,-71.3436,58.73,13.8
San Vicente,72,AR,1650735731,53,-26.6167,-54.1333,72.25,4.36
Zyryanka,79,RU,1650736247,100,65.75,150.85,-3.53,5.06
Saint-Philippe,39,RE,1650735872,80,-21.3585,55.7679,73.22,11.25
Głogów,28,PL,1650736248,71,51.6636,16.0845,48.94,4.92
Iranshahr,0,IR,1650736059,12,27.2025,60.6848,88.14,4.61
Coyhaique,100,CL,1650735709,71,-45.5752,-72.0662,47.01,5.75
Camaná,36,PE,1650735653,71,-16.6228,-72.7111,72.59,10.29
Troitsko-Pechorsk,100,RU,1650736249,98,62.7084,56.1964,35.85,6.51
Saint George,0,US,1650735991,40,37.1041,-113.5841,63.79,5.01
Devils Lake,100,US,1650735773,94,48.1128,-98.8651,35.58,26.46
Saint-François,75,FR,1650735966,83,46.4154,3.9054,55.67,16.11
East London,100,ZA,1650735847,92,-33.0153,27.9116,63.14,3.76
Ures,0,MX,1650736250,17,29.4333,-110.4,80.08,9.95
Seymchan,66,RU,1650736251,99,62.8833,152.4333,0.36,4.25
Chester,100,US,1650736251,47,40.1254,-75.8749,61.0,8.05
Vaitape,98,PF,1650735662,74,-16.5167,-151.75,80.44,6.53
Rochester,98,US,1650735755,77,43.1548,-77.6156,50.49,12.5
Notre-Dame-du-Lac,2,CA,1650736252,39,47.6136,-68.7964,37.87,13.44
Rio Brilhante,89,BR,1650736252,53,-21.8019,-54.5464,86.04,7.4
Lompoc,0,US,1650736006,54,34.6391,-120.4579,71.69,16.11
Saint-Pierre,20,RE,1650736021,79,-21.3393,55.4781,74.91,6.91
Touros,100,BR,1650736096,85,-5.1989,-35.4608,79.52,12.62
Maţāy,50,EG,1650736254,14,28.419,30.7792,79.0,7.61
Khandyga,82,RU,1650736254,98,62.6667,135.6,7.9,2.42
Isiro,61,CD,1650736255,69,2.7739,27.616,72.09,2.46
Leningradskiy,100,RU,1650735986,96,69.3833,178.4167,18.52,2.28
Romny,91,UA,1650736255,78,50.751,33.4747,51.21,13.38
Ingham,0,US,1650736256,54,42.6,-84.3833,80.17,8.05
Sumenep,97,ID,1650736256,86,-7.0167,113.8667,80.08,4.43
Kerewan,39,GM,1650736257,8,13.4898,-16.0888,105.62,5.03
Sibolga,100,ID,1650736257,88,1.7427,98.7792,78.57,3.13
Adzopé,91,CI,1650736258,74,6.1069,-3.8619,82.78,3.96
Olinda,75,BR,1650736258,74,-8.0089,-34.8553,83.93,14.97
Dorneşti,80,RO,1650736258,96,47.8717,26.0043,52.56,7.78
Vardø,100,NO,1650736049,91,70.3705,31.1107,37.99,18.03
Taltal,26,CL,1650735975,75,-25.4,-70.4833,65.39,5.68
Capitán Bado,98,PY,1650736259,66,-23.2667,-55.5333,80.78,9.57
Kloulklubed,89,PW,1650736260,72,7.0419,134.2556,83.05,6.11
Ketchikan,100,US,1650736173,87,55.3422,-131.6461,43.27,18.41
Vangaindrano,100,MG,1650736260,93,-23.35,47.6,73.42,7.7
Inhambane,20,MZ,1650735828,88,-23.865,35.3833,75.18,0.0
Avera,11,US,1650736261,50,33.194,-82.5271,79.38,9.78
Tautira,100,PF,1650736261,79,-17.7333,-149.15,78.22,8.84
Caxias,40,PT,1650736262,66,38.7031,-9.2767,63.48,10.36
Aykhal,81,RU,1650736262,100,66.0,111.5,2.21,3.87
Jamestown,100,US,1650736262,45,42.097,-79.2353,67.95,6.91
Lavrentiya,17,RU,1650735719,86,65.5833,-171.0,16.75,4.7
Kavaratti,96,IN,1650736263,71,10.5669,72.642,85.15,8.05
Ugoofaaru,97,MV,1650735981,74,5.6667,73.0,84.74,9.06
Barcelos,12,PT,1650736112,68,41.5388,-8.6151,59.85,8.52
Gisborne,8,NZ,1650736264,81,-38.6533,178.0042,48.22,7.25
Cabadiangan,100,PH,1650736265,80,9.7531,122.4739,79.36,3.91
Port Hedland,2,AU,1650735974,69,-20.3167,118.5667,75.25,8.05
Teya,100,RU,1650735509,97,60.3778,92.6267,22.98,3.0
Bull Savanna,96,JM,1650735780,75,17.8868,-77.5902,77.72,7.34
Tuatapere,100,NZ,1650735686,90,-46.1333,167.6833,52.11,11.52
Ankazobe,98,MG,1650736266,92,-18.3167,47.1167,63.25,6.93
Tiznit Province,63,MA,1650736001,62,29.5833,-9.5,58.75,14.2
Richards Bay,32,ZA,1650735941,91,-28.783,32.0377,69.15,3.04
Santander,100,ES,1650736267,91,43.4647,-3.8044,52.72,25.32
Northam,59,GB,1650736267,76,51.0333,-4.2167,58.24,16.93
Quang Ngai,71,VN,1650736268,93,15.1167,108.8,75.69,4.9
Ambilobe,70,MG,1650736268,89,-13.2,49.05,75.06,4.03
Pallasovka,49,RU,1650736269,84,50.05,46.8833,49.48,5.01
Tāybād,93,IR,1650736270,54,34.74,60.7756,67.06,9.8
Ahipara,34,NZ,1650735959,69,-35.1667,173.1667,62.76,14.65
Westport,75,US,1650736270,44,41.1415,-73.3579,64.72,8.05
Herat Province,99,AF,1650736271,52,34.5,62.0,65.34,12.06
Kuusamo,100,FI,1650736271,60,65.9667,29.1833,39.24,3.44
Matamoros,100,MX,1650736200,28,25.5333,-103.25,87.24,2.91
Ossora,100,RU,1650736272,96,59.2353,163.0719,24.03,5.75
Srednekolymsk,94,RU,1650735865,100,67.45,153.6833,-0.31,3.67
Ţahţā,0,EG,1650736272,10,26.7693,31.5021,80.24,7.47
Potsdam,24,DE,1650736273,42,52.3989,13.0657,61.12,7.0
Yatou,0,CN,1650736273,90,37.15,122.3833,47.61,9.28
Santa Marta,40,CO,1650736006,66,11.2408,-74.199,87.85,10.36
Maiduguri,100,NG,1650736274,14,11.8464,13.1603,98.19,7.49
Harper,98,LR,1650736274,76,4.375,-7.7169,82.45,7.2
Khatanga,23,RU,1650736035,100,71.9667,102.5,-11.24,1.95
Chapais,28,CA,1650736275,59,49.7834,-74.8492,29.98,5.57
Sola,99,VU,1650736275,68,-13.8833,167.55,82.22,2.89
Pevek,99,RU,1650736276,98,69.7008,170.3133,5.95,2.48
Belaya Gora,97,RU,1650736276,100,68.5333,146.4167,-5.78,2.62
Byumba,74,RW,1650736277,91,-1.5763,30.0675,64.6,2.35
Sīrjān,49,IR,1650736277,11,29.452,55.6814,68.52,9.62
North Bend,0,US,1650735918,90,43.4065,-124.2243,58.24,0.0
Houma,75,US,1650736009,68,29.5958,-90.7195,82.99,16.11
Fairbanks,0,US,1650736112,58,64.8378,-147.7164,40.98,5.75
Atar,1,MR,1650736278,14,20.5169,-13.0499,90.25,15.26
Manadhoo,87,MV,1650735742,72,5.7667,73.3833,85.1,7.27
Lensk,76,RU,1650736279,97,60.7253,114.9278,17.44,1.54
Marawi,81,PH,1650736279,93,7.9986,124.2928,68.32,1.63
Chenghai,2,CN,1650736280,100,23.4632,116.768,76.91,4.47
Ponta do Sol,99,PT,1650736010,71,32.6667,-17.1,66.0,8.75
Épinal,92,FR,1650736244,75,48.1833,6.45,54.36,7.76
Magistral'nyy,100,RU,1650736281,86,56.1725,107.4458,24.87,7.23
Vanimo,95,PG,1650736282,87,-2.6741,141.3028,76.41,2.73
Mujiayingzi,65,CN,1650736282,34,42.1167,118.7833,51.24,1.05
Mykhaylivka,100,UA,1650736283,58,47.2724,35.2224,53.42,13.18
Portadown,6,GB,1650736283,67,54.4241,-6.4412,57.81,11.61
Waitati,100,NZ,1650736283,81,-45.75,170.5667,52.81,6.02
Kieta,100,PG,1650736284,80,-6.2167,155.6333,80.01,3.18
Merritt,37,CA,1650736284,50,50.1123,-120.7942,51.13,4.56
Meulaboh,89,ID,1650736129,88,4.1363,96.1285,78.3,1.32
Sistranda,70,NO,1650735706,82,63.7256,8.834,57.16,15.43
Paka,36,MY,1650736285,94,4.6374,103.4368,78.73,0.0
Oistins,40,BB,1650736160,54,13.0667,-59.5333,86.09,18.41
Berdigestyakh,100,RU,1650735731,98,62.0989,126.6992,16.59,3.62
Atambua,7,ID,1650736286,85,-9.1061,124.8925,72.16,3.8
NEDJO,98,ET,1650736287,88,9.5046,35.5019,61.95,3.15
Copiapó,0,CL,1650736287,34,-27.3667,-70.3333,60.49,7.07
Tavda,70,RU,1650736288,67,58.0425,65.2726,28.02,4.85
Chifeng,71,CN,1650736288,35,42.2683,118.9636,51.22,0.74
Kaitangata,100,NZ,1650735803,91,-46.2817,169.8464,51.08,10.02
Turukhansk,98,RU,1650736289,97,65.8167,87.9833,11.34,7.52
San Quintín,1,MX,1650736094,57,30.4833,-115.95,62.46,11.99
Flinders,14,AU,1650735929,90,-34.5833,150.8552,57.18,3.0
Verkhnyaya Inta,23,RU,1650736289,94,65.9811,60.3094,10.49,6.02
Oil City,0,US,1650736166,42,41.4339,-79.7064,75.79,9.22
Bosaso,22,SO,1650736290,69,11.2842,49.1816,84.38,0.29
Mabaruma,69,GY,1650736291,59,8.2,-59.7833,85.42,7.65
Nouakchott,0,MR,1650736161,56,18.0858,-15.9785,84.13,19.19
Chany,54,RU,1650736291,55,55.3121,76.7647,23.7,9.35
Taihecun,96,CN,1650736292,53,45.8,130.85,52.45,22.46
Elizabeth City,0,US,1650736292,45,36.2946,-76.2511,78.03,8.05
Burnie,8,AU,1650736292,80,-41.0667,145.9167,47.95,6.31
Cockburn Town,40,TC,1650736293,61,21.4612,-71.1419,80.56,17.27
Nioro,25,GM,1650736293,7,13.35,-15.75,106.93,7.9
Strezhevoy,94,RU,1650736294,93,60.7333,77.5889,16.97,9.37
Nome,100,US,1650735904,75,64.5011,-165.4064,35.17,0.0
Cañita,35,PA,1650736294,71,9.2097,-78.8811,83.46,2.28
Acapulco de Juárez,0,MX,1650736224,51,16.8634,-99.8901,87.66,9.98
Marsá Maţrūḩ,0,EG,1650736295,73,31.3525,27.2453,70.0,6.91
Heidenreichstein,99,AT,1650736296,75,48.8667,15.1167,52.03,1.99
Ponta Delgada,75,PT,1650736040,77,37.7333,-25.6667,57.92,16.11
Laas,97,IT,1650736296,98,46.6166,10.7002,52.68,6.8
Araouane,49,ML,1650736297,7,18.9048,-3.5265,91.67,10.04
Cayenne,75,GF,1650736219,1,4.9333,-52.3333,82.44,6.91
Qui Nhon,4,VN,1650736297,90,13.7667,109.2333,77.72,4.85
Vao,69,NC,1650735834,75,-22.6667,167.4833,74.52,24.87
Kattivākkam,21,IN,1650736298,84,13.2167,80.3167,86.09,8.68
Santa Cruz Cabrália,20,BR,1650736298,70,-16.2781,-39.0247,86.23,14.97
Tūkrah,0,LY,1650736299,80,32.5341,20.5791,61.29,11.92
Alice Springs,40,AU,1650736299,32,-23.7,133.8833,69.22,6.91
Mogadishu,70,SO,1650736113,73,2.0371,45.3438,83.82,14.56
Pascagoula,0,US,1650736113,67,30.3658,-88.5561,82.56,16.11
San Patricio,94,US,1650735986,65,28.017,-97.5169,86.18,22.24
Barra,31,BR,1650736300,36,-11.0894,-43.1417,91.51,5.01
Vila Velha,0,BR,1650735928,64,-20.3297,-40.2925,91.35,16.11
Rudnyy,53,KZ,1650736301,35,52.9594,63.1206,41.23,12.77
Loikaw,87,MM,1650736302,60,19.6742,97.2094,73.9,3.04
Beckley,20,US,1650736021,41,37.7782,-81.1882,82.56,10.36
Ucluelet,81,CA,1650736302,86,48.9329,-125.5528,49.08,1.99
Poya,42,NC,1650736303,85,-21.35,165.15,70.72,5.19
Mundo Nuevo (Ojo de Agua),0,MX,1650736145,66,18.7,-95.5,83.19,10.89
Constitución,100,CL,1650736303,79,-35.3333,-72.4167,59.41,5.79
Masterton,10,NZ,1650736304,96,-40.9597,175.6575,51.89,2.46
Mitha Tiwana,0,PK,1650736304,24,32.2486,72.1108,83.1,6.13
Carora,86,VE,1650736305,62,10.1755,-70.0827,80.98,3.74
Karratha,5,AU,1650736305,46,-20.7377,116.8463,80.29,6.33
Broken Hill,75,AU,1650736009,68,-31.95,141.4333,64.11,12.66
Tessalit,42,ML,1650736306,5,20.1986,1.0114,92.41,13.2
Nabire,98,ID,1650735750,90,-3.3667,135.4833,75.42,2.84
Billings Metropolitan Area,100,US,1650736306,85,45.7833,-108.5007,43.29,20.71
Chaman,100,PK,1650736307,16,30.9236,66.4512,77.65,10.04
Sīwah,83,EG,1650736307,14,29.2041,25.5195,78.84,7.47
Lida,80,BY,1650736307,90,53.8833,25.2997,41.27,4.41
Shimoda,100,JP,1650736308,87,34.6667,138.95,64.11,1.7
Terney,93,RU,1650736308,78,45.0503,136.6092,41.23,13.13
Labuhan,97,ID,1650736037,86,-6.8844,112.2051,79.3,3.0
Vanderhoof,65,CA,1650736309,47,54.0166,-124.0198,49.91,3.27
Anjozorobe,100,MG,1650736309,95,-18.4,47.8667,62.13,6.33
Peoria,0,US,1650736136,56,40.7667,-89.7668,81.3,25.32
Chunhuhub,23,MX,1650736310,31,19.55,-88.6833,94.93,6.6
Muğla Province,70,TR,1650736311,41,37.2303,28.3557,57.36,1.23
Twin Falls,0,US,1650736311,53,42.3505,-114.6445,46.29,28.77
Usogorsk,100,RU,1650736311,100,63.4106,48.6872,33.57,2.35
Port Lincoln,8,AU,1650736139,89,-34.7333,135.8667,61.59,12.46
Florianópolis,40,BR,1650736312,75,-27.6146,-48.5012,76.55,12.66
Pacifica,20,US,1650736312,72,37.6138,-122.4869,66.43,5.01
Rocky Mountain House,23,CA,1650736313,65,52.3668,-114.9188,44.71,2.3
Bari,0,IT,1650736167,66,41.1177,16.8512,66.88,6.91
Bandar-e Lengeh,91,IR,1650736313,83,26.5579,54.8807,80.71,6.91
Samoded,100,RU,1650736314,98,63.6083,40.5111,32.13,5.97
Neiafu,100,TO,1650736314,94,-18.65,-173.9833,74.08,0.0
Kafue,81,ZM,1650736315,88,-15.7691,28.1814,65.62,4.12
Kikwit,100,CD,1650736315,96,-5.041,18.8162,72.46,3.4
Nha Trang,67,VN,1650736160,91,12.25,109.1833,78.8,3.49
Dolores,9,AR,1650736316,28,-36.3132,-57.6792,74.91,17.45
Le Mars,0,US,1650736316,21,42.7942,-96.1656,78.64,33.38
Stornoway,40,GB,1650736316,83,58.2093,-6.3865,49.93,20.71
Rancho Palos Verdes,5,US,1650736317,73,33.7445,-118.387,70.0,4.0
Abrau-Dyurso,97,RU,1650736318,75,44.69,37.59,53.06,5.26
Limbang,100,MY,1650736318,97,4.75,115.0,78.91,2.39
Christchurch,67,NZ,1650736237,88,-43.5333,172.6333,50.95,3.44
Rundu,30,NA,1650736319,43,-17.9333,19.7667,67.62,1.68
Challans,100,FR,1650736319,77,46.8436,-1.8749,62.8,1.01
Cabedelo,78,BR,1650736193,75,-6.9811,-34.8339,84.87,14.25
Westerland,10,DE,1650736136,58,54.9079,8.3033,55.42,18.41
Verkhoyansk,86,RU,1650736026,100,67.5447,133.385,-0.11,2.24
Opuwo,48,NA,1650736320,34,-18.0607,13.84,73.76,3.0
Manicoré,43,BR,1650736320,56,-5.8092,-61.3003,90.21,0.31
Arlit,56,NE,1650736321,9,18.7369,7.3853,95.72,10.38
Balotra,0,IN,1650736321,12,25.8333,72.2333,86.9,9.6
Imbituba,94,BR,1650736322,72,-28.24,-48.6703,76.86,14.56
Santiago del Estero,17,AR,1650736171,51,-27.7951,-64.2615,76.37,14.56
Andenes,59,NO,1650736323,81,69.3143,16.1194,40.98,6.91
Vanavara,20,RU,1650736323,94,60.34,102.2797,21.92,2.82
Auki,60,SB,1650736323,85,-8.7676,160.7034,76.28,3.38
Alta Floresta,40,BR,1650736324,62,-9.8756,-56.0861,89.42,2.3
Honiara,73,SB,1650736324,88,-9.4333,159.95,77.58,3.2
Antanifotsy,100,MG,1650736325,98,-19.65,47.3167,60.4,6.8
Ulladulla,26,AU,1650736325,90,-35.35,150.4667,54.5,4.32
Djenné,47,ML,1650736326,7,13.9061,-4.5533,102.09,10.29
Tabas,31,IR,1650736326,17,33.5959,56.9244,86.22,4.61
Tirumullaivāsal,91,IN,1650736327,76,11.2333,79.8333,83.75,7.99
San Cristobal,64,VE,1650736327,74,7.7669,-72.225,75.38,1.23
Samarai,58,PG,1650736122,79,-10.6167,150.6667,81.73,9.98
Crotone,1,IT,1650736328,82,39.0851,17.1178,59.27,8.23
Tilichiki,100,RU,1650736328,95,60.4667,166.1,13.64,7.94
Atherton,24,GB,1650736329,51,53.5237,-2.4935,59.22,5.01
Sun Valley,20,US,1650736329,49,39.5963,-119.776,52.23,8.05
Karaj,0,IR,1650736330,19,35.8355,51.0103,70.32,0.0
Meadow Lake,16,US,1650736330,23,34.8014,-106.5436,60.71,13.98
Santa Maria,20,BR,1650736047,59,-29.6842,-53.8069,65.5,10.36
Narsaq,100,GL,1650736132,95,60.9167,-46.05,46.62,5.06
Dawei,26,MM,1650736331,87,14.0833,98.2,78.78,1.48
Caraycaray,55,PH,1650736332,89,11.5551,124.415,78.53,7.05
Gijón,100,ES,1650736332,87,43.5357,-5.6615,54.84,7.0
Kasama,92,ZM,1650736333,89,-10.2129,31.1808,64.81,4.5
Sept-Îles,40,CA,1650736070,39,50.2001,-66.3821,38.05,14.97
Bāndarban,1,BD,1650736333,90,22.1965,92.2262,76.17,2.75
Lamu,41,KE,1650736071,76,-2.2717,40.902,84.42,11.63
Gerga,4,RU,1650736334,71,42.3465,47.9633,52.07,4.52
Benguela,99,AO,1650736167,87,-12.5763,13.4055,76.62,5.06
Eureka,27,US,1650736335,85,40.8021,-124.1637,54.12,4.0
Sechura,19,PE,1650736335,60,-5.5569,-80.8222,79.54,8.19
Gizo Government Station,96,SB,1650735796,79,-8.103,156.8419,81.77,8.84
Bobrovka,89,RU,1650736336,41,54.047,61.7455,42.21,10.45
Abhā,75,SA,1650736097,45,18.2164,42.5053,64.22,13.8
Defiance,0,US,1650736336,41,41.3334,-84.45,82.65,14.97
Vrangel',4,RU,1650736337,80,42.7297,133.0839,43.54,6.29
Neturhāt,1,IN,1650736337,19,23.4833,84.2667,74.03,2.53
Union,100,US,1650736338,42,40.6334,-74.2663,64.22,5.75
Anadyr,75,RU,1650736338,93,64.75,177.4833,27.1,4.47
Beloha,100,MG,1650736339,77,-25.1667,45.05,76.35,8.66
Alyangula,100,AU,1650736339,94,-13.8483,136.4192,76.87,0.0
Kushmurun,56,KZ,1650736107,35,52.4503,64.6311,43.02,15.14
Bilibino,100,RU,1650736157,96,68.0546,166.4372,5.86,2.95
Qingyuan,40,CN,1650736340,89,23.7,113.0333,71.58,2.3
George,100,ZA,1650736340,94,-33.963,22.4617,56.75,2.3
Hīt,98,IQ,1650736341,9,33.6416,42.8251,83.12,10.04
Huaihua,58,CN,1650736341,93,27.5494,109.9592,69.3,1.61
Uíge,100,AO,1650736341,96,-7.6087,15.0613,68.65,1.7
Capitão Poço,98,BR,1650736342,93,-1.7464,-47.0594,76.39,3.4
Viedma,14,AR,1650736137,21,-40.8135,-62.9967,66.33,25.17
Mankono,99,CI,1650736342,46,8.0586,-6.1897,89.94,4.29
Wilmington,0,US,1650736343,62,34.2257,-77.9447,78.71,8.05
Gamba,98,GA,1650736135,87,-2.65,10.0,78.33,2.44
Mahina,75,PF,1650736343,74,-17.5065,-149.489,80.37,6.91
Sretensk,75,RU,1650736202,40,52.2453,117.7093,30.13,2.42
Abéché,60,TD,1650736344,11,13.8292,20.8324,94.69,9.4
Keminmaa,0,FI,1650736344,56,65.8596,24.8228,40.77,4.61
Meerane,28,DE,1650736345,49,50.85,12.4667,58.28,10.36
Qurayyat,48,SA,1650736345,19,31.3318,37.3428,80.78,48.34
Haines Junction,68,CA,1650735880,60,60.7522,-137.5108,39.15,3.44
Caiapônia,11,BR,1650736346,44,-16.9567,-51.8103,85.69,8.75
Saraland,0,US,1650736346,63,30.8207,-88.0706,81.55,11.45
Algiers,20,DZ,1650736347,45,36.7525,3.042,66.02,12.66
Panjāb,99,AF,1650736347,78,34.388,67.0233,44.69,4.18
Mt. Pleasant,75,US,1650736068,64,32.7941,-79.8626,79.18,5.75
Oktyabr'skiy,80,RU,1650736348,82,54.4815,53.471,44.31,5.3
Fasa,76,IR,1650736348,17,28.9383,53.6482,72.64,6.91
San Jose,20,US,1650736349,60,37.3394,-121.895,66.42,7.0
Americus,40,US,1650736349,41,32.0724,-84.2327,80.73,10.36
Sokone,28,SN,1650736349,10,13.8833,-16.3667,109.29,2.35
Sinazongwe,4,ZM,1650736350,76,-17.2614,27.4618,74.48,6.11
Isangel,84,VU,1650735992,77,-19.55,169.2667,77.63,12.3
The Pas,0,CA,1650736351,45,53.8251,-101.2541,44.62,10.36
Sokoni,17,TZ,1650736351,73,-6.4333,39.55,82.69,9.13
Balud,65,PH,1650736351,82,10.1476,123.6953,80.56,5.75
Zarand,50,IR,1650736352,32,30.8127,56.564,68.52,6.02
Oliveira,12,BR,1650736352,47,-20.6964,-44.8272,79.95,8.84
Āsosa,90,ET,1650736353,64,10.0667,34.5333,69.48,2.71
Cabras,69,IT,1650736353,85,39.93,8.5314,58.69,7.07
Sinnamary,98,GF,1650736353,87,5.3833,-52.95,78.39,5.3
Harpanahalli,18,IN,1650736354,31,14.8,75.9833,86.77,2.19
Elko,11,US,1650736354,54,41.0002,-115.5012,44.22,4.0
Deputatsky,99,RU,1650736106,100,69.3,139.9,-5.55,3.02
Porto-Novo,83,BJ,1650735994,76,6.4965,2.6036,85.82,11.12
Te Anau,100,NZ,1650736355,92,-45.4167,167.7167,50.63,4.29
Nicoya,30,CR,1650736005,44,10.1483,-85.452,90.9,4.99
Uppsala County,75,SE,1650736356,57,60.0,17.75,45.84,17.27
Darnah,0,LY,1650736356,83,32.767,22.6367,61.7,16.44
Aklavik,0,CA,1650736357,63,68.2191,-135.0107,23.0,9.22
Vestmanna,75,FO,1650736113,71,62.1564,-7.1664,45.52,4.61
